{"_type":"export","__export_format":4,"__export_date":"2020-10-18T12:17:16.252Z","__export_source":"insomnia.desktop.app:v2020.4.1","resources":[{"_id":"req_d1cf9a813a184e48b15bacddf783dabe","parentId":"fld_2a173053fe994da9aaa32c46e6eb5dbf","modified":1603010773334,"created":1603004251011,"url":"http://localhost:3000/api/newCustomer","name":"Create Stripe  Customer","description":"","method":"POST","body":{"mimeType":"application/json","text":"{\n\t\"email\":\"novartus@testEmail.com\"\n}"},"parameters":[],"headers":[{"name":"Content-Type","value":"application/json","id":"pair_f74fa3a1ef2846a48c40e6cc8e31aef2"}],"authentication":{},"metaSortKey":-1603010115501,"isPrivate":false,"settingStoreCookies":true,"settingSendCookies":true,"settingDisableRenderRequestBody":false,"settingEncodeUrl":true,"settingRebuildPath":true,"settingFollowRedirects":"global","_type":"request"},{"_id":"fld_2a173053fe994da9aaa32c46e6eb5dbf","parentId":"wrk_53f6ae0bfb7742a3b70174e742f2ba29","modified":1603010240564,"created":1603010240564,"name":"Stripe Node Demo","description":"","environment":{},"environmentPropertyOrder":null,"metaSortKey":-1603010240564,"_type":"request_group"},{"_id":"wrk_53f6ae0bfb7742a3b70174e742f2ba29","parentId":null,"modified":1602826322383,"created":1602826322383,"name":"Insomnia","description":"","scope":null,"_type":"workspace"},{"_id":"req_3727febc1b6f40c4917ab2162bb976de","parentId":"fld_2a173053fe994da9aaa32c46e6eb5dbf","modified":1603010264226,"created":1603005813974,"url":"http://localhost:3000/api/addNewCard","name":"Add New Card","description":"","method":"POST","body":{"mimeType":"application/json","text":"{\n\t\"cardNumber\":378282246310005,\n\t\"cardExpMonth\":\"07\",\n    \"cardExpYear\":\"2030\",\n    \"cardCVC\":\"5588\",\n    \"cardName\":\"Edward Snowden\",\n    \"country\":\"UK\",\n    \"postal_code\":\"654321\"\n}"},"parameters":[],"headers":[{"name":"Content-Type","value":"application/json","id":"pair_ebbf7c04f7c34d49a5bb45b971084613"}],"authentication":{},"metaSortKey":-1603010115451,"isPrivate":false,"settingStoreCookies":true,"settingSendCookies":true,"settingDisableRenderRequestBody":false,"settingEncodeUrl":true,"settingRebuildPath":true,"settingFollowRedirects":"global","_type":"request"},{"_id":"req_2ad46f3d482e46d1b8b31c17b5681429","parentId":"fld_2a173053fe994da9aaa32c46e6eb5dbf","modified":1603010246970,"created":1603006708643,"url":"http://localhost:3000/api/viewAllCards","name":"View Customer's Cards","description":"","method":"GET","body":{},"parameters":[],"headers":[],"authentication":{},"metaSortKey":-1603010115401,"isPrivate":false,"settingStoreCookies":true,"settingSendCookies":true,"settingDisableRenderRequestBody":false,"settingEncodeUrl":true,"settingRebuildPath":true,"settingFollowRedirects":"global","_type":"request"},{"_id":"req_18df1de64a3a44e4b9ad5525e26f9238","parentId":"fld_2a173053fe994da9aaa32c46e6eb5dbf","modified":1603010243856,"created":1603008919371,"url":"http://localhost:3000/api/updateCardDetails","name":"Update Card Details","description":"","method":"POST","body":{"mimeType":"application/json","text":"{\n\t\"cardId\":\"card_1HdWHCCrvVm3A6kbdQJsvNDM\",\n\t\"cardName\":\"John Doe\",\n \"cardExpYear\":\"2050\"\n}"},"parameters":[],"headers":[{"name":"Content-Type","value":"application/json","id":"pair_8cdb7daca8b94373a9c5827be2610ddc"}],"authentication":{},"metaSortKey":-1603010115351,"isPrivate":false,"settingStoreCookies":true,"settingSendCookies":true,"settingDisableRenderRequestBody":false,"settingEncodeUrl":true,"settingRebuildPath":true,"settingFollowRedirects":"global","_type":"request"},{"_id":"req_999ec033f2a94db68e4cc7bad1d2cf77","parentId":"fld_2a173053fe994da9aaa32c46e6eb5dbf","modified":1603010242809,"created":1603010115301,"url":"http://localhost:3000/api/deleteCard","name":"Delete Saved Card","description":"","method":"POST","body":{"mimeType":"application/json","text":"{\n\t\"cardId\":\"card_1HdWStCrvVm3A6kb2S8GCEgh\"\n}"},"parameters":[],"headers":[{"name":"Content-Type","value":"application/json","id":"pair_4cd1a8139aed4dc993605c322e8d0950"}],"authentication":{},"metaSortKey":-1603010115301,"isPrivate":false,"settingStoreCookies":true,"settingSendCookies":true,"settingDisableRenderRequestBody":false,"settingEncodeUrl":true,"settingRebuildPath":true,"settingFollowRedirects":"global","_type":"request"},{"_id":"req_207d79779f8640e896f60aea65d39d72","parentId":"fld_2a173053fe994da9aaa32c46e6eb5dbf","modified":1603013122346,"created":1603012989091,"url":"http://localhost:3000/api/createCharge","name":"Create Charge OneTime","description":"","method":"POST","body":{"mimeType":"application/json","text":"{\n\t\"oneTime\":true,\n\t\"amount\":20000,\n\t\"cardNumber\":\"6011000990139424\",\n      \"cardExpMonth\":\"08\",\n      \"cardExpYear\":\"2023\",\n      \"cardCVC\":\"458\",\n      \"country\":\"US\",\n      \"postalCode\":\"5252\"\n}"},"parameters":[],"headers":[{"name":"Content-Type","value":"application/json","id":"pair_f6f8201956264706b4b3e205a44b045a"}],"authentication":{},"metaSortKey":-1603010115251,"isPrivate":false,"settingStoreCookies":true,"settingSendCookies":true,"settingDisableRenderRequestBody":false,"settingEncodeUrl":true,"settingRebuildPath":true,"settingFollowRedirects":"global","_type":"request"},{"_id":"req_368a9e2a5ebe44a9a5b1a69f29544c5c","parentId":"fld_2a173053fe994da9aaa32c46e6eb5dbf","modified":1603013275730,"created":1603013167485,"url":"http://localhost:3000/api/createCharge","name":"Create Charge Saved Card","description":"","method":"POST","body":{"mimeType":"application/json","text":"{\n\t\"oneTime\":false,\n\t\"amount\":50000,\n\t\"cardId\":\"card_1HdWHCCrvVm3A6kbdQJsvNDM\",\n\t\"email\":\"novartus@TestEmail.com\"\n}"},"parameters":[],"headers":[{"name":"Content-Type","value":"application/json","id":"pair_a74126964744424abeb712a225c29ecd"}],"authentication":{},"metaSortKey":-1603010115201,"isPrivate":false,"settingStoreCookies":true,"settingSendCookies":true,"settingDisableRenderRequestBody":false,"settingEncodeUrl":true,"settingRebuildPath":true,"settingFollowRedirects":"global","_type":"request"},{"_id":"env_3ed083589c445d9e9618f6770917fc68a433c868","parentId":"wrk_53f6ae0bfb7742a3b70174e742f2ba29","modified":1602826322437,"created":1602826322437,"name":"Base Environment","data":{},"dataPropertyOrder":null,"color":null,"isPrivate":false,"metaSortKey":1602826322437,"_type":"environment"},{"_id":"jar_3ed083589c445d9e9618f6770917fc68a433c868","parentId":"wrk_53f6ae0bfb7742a3b70174e742f2ba29","modified":1602826392689,"created":1602826322439,"name":"Default Jar","cookies":[{"key":"sid","value":"df8e3ba0c72596eb554ac7145cf32533","expires":"2020-10-16T06:33:12.000Z","maxAge":3600,"domain":"localhost","path":"/","httpOnly":true,"hostOnly":true,"creation":"2020-10-16T05:33:12.660Z","lastAccessed":"2020-10-16T05:33:12.660Z","id":"5301339165721308"}],"_type":"cookie_jar"},{"_id":"spc_70f7595cf1804e3a8eaee3bfccb3586c","parentId":"wrk_53f6ae0bfb7742a3b70174e742f2ba29","modified":1602826322384,"created":1602826322384,"fileName":"Insomnia","contents":"","contentType":"yaml","_type":"api_spec"}]}